timestep,is_occluded,num_segments,occluded_ranges_deg,segments_start_idx_end_idx,segments_stability
0,0,0,,,
1,0,0,,,
2,0,0,,,
3,0,0,,,
4,0,0,,,
5,0,0,,,
6,0,0,,,
7,0,0,,,
8,0,0,,,
9,0,0,,,
10,0,0,,,
11,0,0,,,
12,0,0,,,
13,0,0,,,
14,0,0,,,
15,0,0,,,
16,0,0,,,
17,0,0,,,
18,0,0,,,
19,0,0,,,
20,0,0,,,
21,0,0,,,
22,0,0,,,
23,0,0,,,
24,0,0,,,
25,0,0,,,
26,0,0,,,
27,0,0,,,
28,0,0,,,
29,0,0,,,
30,0,0,,,
31,0,0,,,
32,0,0,,,
33,0,0,,,
34,0,0,,,
35,0,0,,,
36,0,0,,,
37,0,0,,,
38,0,0,,,
39,0,0,,,
40,0,0,,,
41,0,0,,,
42,0,0,,,
43,0,0,,,
44,0,0,,,
45,0,0,,,
46,0,0,,,
47,0,0,,,
48,0,0,,,
49,0,0,,,
50,0,0,,,
51,0,0,,,
52,0,0,,,
53,0,0,,,
54,0,0,,,
55,0,0,,,
56,0,0,,,
57,0,0,,,
58,0,0,,,
59,0,0,,,
60,1,1,-180.0–-175.0,0-5,0.70
61,1,1,-180.0–-175.0,0-5,0.73
62,1,1,-180.0–-175.0,0-5,0.77
63,1,1,-180.0–-175.0,0-5,0.80
64,1,1,-180.0–-175.0,0-5,0.83
65,1,1,-180.0–-175.0,0-5,0.87
66,1,1,-180.0–-175.0,0-5,0.90
67,1,1,-180.0–-175.0,0-5,0.93
68,1,1,-180.0–-175.0,0-5,0.97
69,1,1,-180.0–-175.0,0-5,1.00
70,1,1,-180.0–-175.0,0-5,1.00
71,1,1,-180.0–-175.0,0-5,1.00
72,1,1,-180.0–-175.0,0-5,1.00
73,1,1,-180.0–-175.0,0-5,1.00
74,1,1,-180.0–-175.0,0-5,1.00
75,1,1,-180.0–-175.0,0-5,1.00
76,1,1,-180.0–-175.0,0-5,1.00
77,1,1,-180.0–-175.0,0-5,1.00
78,1,1,-180.0–-175.0,0-5,1.00
79,1,1,-180.0–-175.0,0-5,1.00
80,1,1,-180.0–-175.0,0-5,1.00
81,1,1,-180.0–-175.0,0-5,1.00
82,1,1,-180.0–-175.0,0-5,1.00
83,1,1,-180.0–-175.0,0-5,1.00
84,1,1,-180.0–-175.0,0-5,1.00
85,1,1,-180.0–-175.0,0-5,1.00
86,1,1,-180.0–-175.0,0-5,1.00
87,1,1,-180.0–-175.0,0-5,1.00
88,1,1,-180.0–-175.0,0-5,1.00
89,1,1,-180.0–-175.0,0-5,1.00
90,1,1,-180.0–-175.0,0-5,1.00
91,1,1,-180.0–-175.0,0-5,1.00
92,1,1,-180.0–-175.0,0-5,1.00
93,1,1,-180.0–-175.0,0-5,1.00
94,1,1,-180.0–-175.0,0-5,1.00
95,1,1,-180.0–-175.0,0-5,1.00
96,1,1,-180.0–-175.0,0-5,1.00
97,1,1,-180.0–-175.0,0-5,1.00
98,1,1,-180.0–-175.0,0-5,1.00
99,1,1,-180.0–-175.0,0-5,1.00
100,1,1,-180.0–-175.0,0-5,1.00
101,1,1,-180.0–-175.0,0-5,1.00
102,1,1,-180.0–-175.0,0-5,1.00
103,1,1,-180.0–-175.0,0-5,1.00
104,1,1,-180.0–-175.0,0-5,1.00
105,1,1,-180.0–-175.0,0-5,1.00
106,1,1,-180.0–-175.0,0-5,1.00
107,1,1,-180.0–-175.0,0-5,1.00
108,1,1,-180.0–-175.0,0-5,1.00
109,1,1,-180.0–-175.0,0-5,1.00
110,1,1,-180.0–-175.0,0-5,1.00
111,1,1,-180.0–-175.0,0-5,1.00
112,1,1,-180.0–-175.0,0-5,1.00
113,1,1,-180.0–-175.0,0-5,1.00
114,1,1,-180.0–-175.0,0-5,1.00
115,1,1,-180.0–-175.0,0-5,1.00
116,1,1,-180.0–-175.0,0-5,1.00
117,1,1,-180.0–-175.0,0-5,1.00
118,0,0,,,
119,0,0,,,
120,0,0,,,
121,0,0,,,
122,0,0,,,
123,0,0,,,
124,0,0,,,
125,0,0,,,
126,0,0,,,
127,0,0,,,
128,0,0,,,
129,0,0,,,
130,0,0,,,
131,0,0,,,
132,0,0,,,
133,0,0,,,
134,0,0,,,
135,0,0,,,
136,0,0,,,
137,0,0,,,
138,0,0,,,
139,0,0,,,
140,0,0,,,
141,0,0,,,
142,0,0,,,
143,0,0,,,
144,0,0,,,
145,0,0,,,
146,0,0,,,
147,0,0,,,
148,0,0,,,
149,0,0,,,
150,0,0,,,
151,0,0,,,
152,0,0,,,
153,0,0,,,
154,0,0,,,
155,0,0,,,
156,0,0,,,
157,0,0,,,
158,0,0,,,
159,0,0,,,
160,0,0,,,
161,0,0,,,
162,0,0,,,
163,0,0,,,
164,0,0,,,
165,0,0,,,
166,0,0,,,
167,0,0,,,
168,0,0,,,
169,0,0,,,
170,0,0,,,
171,0,0,,,
172,0,0,,,
173,0,0,,,
174,0,0,,,
175,0,0,,,
176,0,0,,,
177,0,0,,,
178,0,0,,,
179,0,0,,,
180,0,0,,,
181,0,0,,,
182,0,0,,,
183,0,0,,,
184,0,0,,,
185,0,0,,,
186,0,0,,,
187,0,0,,,
188,0,0,,,
189,0,0,,,
190,0,0,,,
191,0,0,,,
192,0,0,,,
193,0,0,,,
194,0,0,,,
195,0,0,,,
196,0,0,,,
197,0,0,,,
198,0,0,,,
199,0,0,,,
200,0,0,,,
201,0,0,,,
202,0,0,,,
203,0,0,,,
204,0,0,,,
205,0,0,,,
206,0,0,,,
207,0,0,,,
208,0,0,,,
209,0,0,,,
210,0,0,,,
211,0,0,,,
212,0,0,,,
213,0,0,,,
214,0,0,,,
215,0,0,,,
216,0,0,,,
217,0,0,,,
218,0,0,,,
219,0,0,,,
220,0,0,,,
221,0,0,,,
222,0,0,,,
223,0,0,,,
224,0,0,,,
225,0,0,,,
226,0,0,,,
227,0,0,,,
228,0,0,,,
229,0,0,,,
230,0,0,,,
231,0,0,,,
232,0,0,,,
233,0,0,,,
234,0,0,,,
235,0,0,,,
236,0,0,,,
237,0,0,,,
238,0,0,,,
239,0,0,,,
240,0,0,,,
241,0,0,,,
242,0,0,,,
243,0,0,,,
244,0,0,,,
245,0,0,,,
246,0,0,,,
247,0,0,,,
248,0,0,,,
249,0,0,,,
250,0,0,,,
251,0,0,,,
252,0,0,,,
253,0,0,,,
254,0,0,,,
255,0,0,,,
256,0,0,,,
257,0,0,,,
258,0,0,,,
259,0,0,,,
260,0,0,,,
261,0,0,,,
262,0,0,,,
263,0,0,,,
264,0,0,,,
265,0,0,,,
266,0,0,,,
267,0,0,,,
268,0,0,,,
269,0,0,,,
270,0,0,,,
271,0,0,,,
272,0,0,,,
273,0,0,,,
274,0,0,,,
275,0,0,,,
276,0,0,,,
277,0,0,,,
278,0,0,,,
279,0,0,,,
280,0,0,,,
281,0,0,,,
282,0,0,,,
283,0,0,,,
284,0,0,,,
285,0,0,,,
286,0,0,,,
287,0,0,,,
288,0,0,,,
289,0,0,,,
290,0,0,,,
291,0,0,,,
292,0,0,,,
293,0,0,,,
294,0,0,,,
295,0,0,,,
296,0,0,,,
297,0,0,,,
298,0,0,,,
299,0,0,,,
300,0,0,,,
301,0,0,,,
302,0,0,,,
303,0,0,,,
304,0,0,,,
305,0,0,,,
306,0,0,,,
307,0,0,,,
308,0,0,,,
309,0,0,,,
310,0,0,,,
311,0,0,,,
312,0,0,,,
313,0,0,,,
314,0,0,,,
315,0,0,,,
316,0,0,,,
317,0,0,,,
318,0,0,,,
319,0,0,,,
320,0,0,,,
321,0,0,,,
322,0,0,,,
323,0,0,,,
324,0,0,,,
325,0,0,,,
326,0,0,,,
327,0,0,,,
328,0,0,,,
329,0,0,,,
330,0,0,,,
331,0,0,,,
332,0,0,,,
333,0,0,,,
334,0,0,,,
335,0,0,,,
336,0,0,,,
337,0,0,,,
338,0,0,,,
339,0,0,,,
340,0,0,,,
341,0,0,,,
342,0,0,,,
343,0,0,,,
344,0,0,,,
345,0,0,,,
346,0,0,,,
347,0,0,,,
348,0,0,,,
349,0,0,,,
350,0,0,,,
351,0,0,,,
352,0,0,,,
353,0,0,,,
354,0,0,,,
355,0,0,,,
356,0,0,,,
357,0,0,,,
358,0,0,,,
359,0,0,,,
360,0,0,,,
361,0,0,,,
362,0,0,,,
363,0,0,,,
364,0,0,,,
365,0,0,,,
366,0,0,,,
367,0,0,,,
368,0,0,,,
369,0,0,,,
370,0,0,,,
371,0,0,,,
372,0,0,,,
373,0,0,,,
374,0,0,,,
375,0,0,,,
376,0,0,,,
377,0,0,,,
378,0,0,,,
379,0,0,,,
380,0,0,,,
381,0,0,,,
382,0,0,,,
383,0,0,,,
384,0,0,,,
385,0,0,,,
386,0,0,,,
387,0,0,,,
388,0,0,,,
389,0,0,,,
390,0,0,,,
391,0,0,,,
392,0,0,,,
393,0,0,,,
394,0,0,,,
395,0,0,,,
396,0,0,,,
397,0,0,,,
398,0,0,,,
399,0,0,,,
400,0,0,,,
401,0,0,,,
402,0,0,,,
403,0,0,,,
404,0,0,,,
405,0,0,,,
406,0,0,,,
407,0,0,,,
408,0,0,,,
409,0,0,,,
410,0,0,,,
411,0,0,,,
412,0,0,,,
413,0,0,,,
414,0,0,,,
415,0,0,,,
416,0,0,,,
417,0,0,,,
418,0,0,,,
419,0,0,,,
420,0,0,,,
421,0,0,,,
422,0,0,,,
423,0,0,,,
424,0,0,,,
425,0,0,,,
426,0,0,,,
427,0,0,,,
428,0,0,,,
429,0,0,,,
430,0,0,,,
431,0,0,,,
432,0,0,,,
433,0,0,,,
434,0,0,,,
435,0,0,,,
436,0,0,,,
437,0,0,,,
438,0,0,,,
439,0,0,,,
440,0,0,,,
441,0,0,,,
442,0,0,,,
443,0,0,,,
444,0,0,,,
445,0,0,,,
446,0,0,,,
447,0,0,,,
448,0,0,,,
449,0,0,,,
450,0,0,,,
451,0,0,,,
452,0,0,,,
453,0,0,,,
454,0,0,,,
455,0,0,,,
456,0,0,,,
457,0,0,,,
458,0,0,,,
459,0,0,,,
460,0,0,,,
461,0,0,,,
462,0,0,,,
463,0,0,,,
464,0,0,,,
465,0,0,,,
466,0,0,,,
467,0,0,,,
468,0,0,,,
469,0,0,,,
470,0,0,,,
471,0,0,,,
472,0,0,,,
473,0,0,,,
474,0,0,,,
475,0,0,,,
476,0,0,,,
477,0,0,,,
478,0,0,,,
479,0,0,,,
480,0,0,,,
481,0,0,,,
482,0,0,,,
483,0,0,,,
484,0,0,,,
485,0,0,,,
486,0,0,,,
487,0,0,,,
488,0,0,,,
489,0,0,,,
490,0,0,,,
491,0,0,,,
492,0,0,,,
493,0,0,,,
494,0,0,,,
495,0,0,,,
496,0,0,,,
497,0,0,,,
498,0,0,,,
499,0,0,,,
500,0,0,,,
501,0,0,,,
502,0,0,,,
503,0,0,,,
504,0,0,,,
505,0,0,,,
506,0,0,,,
507,0,0,,,
508,0,0,,,
509,0,0,,,
510,0,0,,,
511,0,0,,,
512,0,0,,,
513,0,0,,,
514,0,0,,,
515,0,0,,,
516,0,0,,,
517,0,0,,,
518,0,0,,,
519,0,0,,,
520,0,0,,,
521,0,0,,,
522,0,0,,,
523,0,0,,,
524,0,0,,,
525,0,0,,,
526,0,0,,,
527,0,0,,,
528,0,0,,,
529,0,0,,,
530,0,0,,,
531,0,0,,,
532,0,0,,,
533,0,0,,,
534,0,0,,,
535,0,0,,,
536,0,0,,,
537,0,0,,,
538,0,0,,,
539,0,0,,,
540,0,0,,,
541,0,0,,,
542,0,0,,,
543,0,0,,,
544,0,0,,,
545,0,0,,,
546,0,0,,,
547,0,0,,,
548,0,0,,,
549,0,0,,,
550,0,0,,,
551,0,0,,,
552,0,0,,,
553,0,0,,,
554,0,0,,,
555,0,0,,,
556,0,0,,,
557,0,0,,,
558,0,0,,,
559,0,0,,,
560,0,0,,,
561,0,0,,,
562,0,0,,,
563,0,0,,,
564,0,0,,,
565,0,0,,,
566,0,0,,,
567,0,0,,,
568,0,0,,,
569,0,0,,,
570,0,0,,,
571,0,0,,,
572,0,0,,,
573,0,0,,,
574,0,0,,,
575,0,0,,,
576,0,0,,,
577,0,0,,,
578,0,0,,,
579,0,0,,,
580,0,0,,,
581,0,0,,,
582,0,0,,,
583,0,0,,,
584,0,0,,,
585,0,0,,,
586,0,0,,,
587,0,0,,,
588,0,0,,,
589,0,0,,,
590,0,0,,,
591,0,0,,,
592,0,0,,,
593,0,0,,,
594,0,0,,,
595,0,0,,,
596,0,0,,,
597,0,0,,,
598,0,0,,,
599,0,0,,,
600,0,0,,,
601,0,0,,,
602,0,0,,,
603,0,0,,,
604,0,0,,,
605,0,0,,,
606,0,0,,,
607,0,0,,,
608,0,0,,,
609,0,0,,,
610,0,0,,,
611,0,0,,,
612,0,0,,,
613,0,0,,,
614,0,0,,,
615,0,0,,,
616,0,0,,,
617,0,0,,,
618,0,0,,,
619,0,0,,,
620,0,0,,,
621,0,0,,,
622,0,0,,,
623,0,0,,,
624,0,0,,,
625,0,0,,,
626,0,0,,,
627,0,0,,,
628,0,0,,,
629,0,0,,,
630,0,0,,,
631,0,0,,,
632,0,0,,,
633,0,0,,,
634,0,0,,,
635,0,0,,,
636,0,0,,,
637,0,0,,,
638,0,0,,,
639,0,0,,,
640,0,0,,,
641,0,0,,,
642,0,0,,,
643,0,0,,,
644,0,0,,,
645,0,0,,,
646,0,0,,,
647,0,0,,,
648,0,0,,,
649,0,0,,,
650,0,0,,,
651,0,0,,,
652,0,0,,,
653,0,0,,,
654,0,0,,,
655,0,0,,,
656,0,0,,,
657,0,0,,,
658,0,0,,,
659,0,0,,,
660,0,0,,,
661,0,0,,,
662,0,0,,,
663,0,0,,,
664,0,0,,,
665,0,0,,,
666,0,0,,,
667,0,0,,,
668,0,0,,,
669,0,0,,,
670,0,0,,,
671,0,0,,,
672,0,0,,,
673,0,0,,,
674,0,0,,,
675,0,0,,,
676,0,0,,,
677,0,0,,,
678,0,0,,,
679,0,0,,,
680,0,0,,,
681,0,0,,,
682,0,0,,,
683,0,0,,,
684,0,0,,,
685,0,0,,,
686,0,0,,,
687,0,0,,,
688,0,0,,,
689,0,0,,,
690,0,0,,,
691,0,0,,,
692,0,0,,,
693,0,0,,,
694,0,0,,,
695,0,0,,,
696,0,0,,,
697,0,0,,,
698,0,0,,,
699,0,0,,,
700,0,0,,,
701,0,0,,,
702,0,0,,,
703,0,0,,,
704,0,0,,,
705,0,0,,,
706,0,0,,,
707,0,0,,,
708,0,0,,,
709,0,0,,,
710,0,0,,,
711,0,0,,,
712,0,0,,,
713,0,0,,,
714,0,0,,,
715,0,0,,,
716,0,0,,,
717,0,0,,,
718,0,0,,,
719,0,0,,,
720,0,0,,,
721,0,0,,,
722,0,0,,,
723,0,0,,,
724,0,0,,,
725,0,0,,,
726,0,0,,,
727,0,0,,,
728,0,0,,,
729,0,0,,,
730,0,0,,,
731,0,0,,,
732,0,0,,,
733,0,0,,,
734,0,0,,,
735,0,0,,,
736,0,0,,,
737,0,0,,,
738,0,0,,,
739,0,0,,,
740,0,0,,,
741,0,0,,,
742,0,0,,,
743,0,0,,,
744,0,0,,,
745,0,0,,,
746,0,0,,,
747,0,0,,,
748,0,0,,,
749,0,0,,,
750,0,0,,,
751,0,0,,,
752,0,0,,,
753,0,0,,,
754,0,0,,,
755,0,0,,,
756,0,0,,,
757,0,0,,,
758,0,0,,,
759,0,0,,,
760,0,0,,,
761,0,0,,,
762,0,0,,,
763,0,0,,,
764,0,0,,,
765,0,0,,,
766,0,0,,,
767,0,0,,,
768,0,0,,,
769,0,0,,,
770,0,0,,,
771,0,0,,,
772,0,0,,,
773,0,0,,,
774,0,0,,,
775,0,0,,,
776,0,0,,,
777,0,0,,,
778,0,0,,,
779,0,0,,,
780,0,0,,,
781,0,0,,,
782,0,0,,,
783,0,0,,,
784,0,0,,,
785,0,0,,,
786,0,0,,,
787,0,0,,,
788,0,0,,,
789,0,0,,,
790,0,0,,,
791,0,0,,,
792,0,0,,,
793,0,0,,,
794,0,0,,,
795,0,0,,,
796,0,0,,,
797,0,0,,,
798,0,0,,,
799,0,0,,,
800,0,0,,,
801,0,0,,,
802,0,0,,,
803,0,0,,,
804,1,1,-180.0–-77.0,0-103,0.73
805,1,1,-180.0–-77.0,0-103,0.76
806,1,1,-180.0–-77.0,0-103,0.79
807,1,1,-180.0–-77.0,0-103,0.81
808,1,1,-180.0–-77.0,0-103,0.83
809,1,1,-180.0–-77.0,0-103,0.83
810,1,1,-180.0–-77.0,0-103,0.83
811,1,1,-180.0–-76.0,0-104,0.84
812,1,1,-180.0–-76.0,0-104,0.84
813,1,1,-180.0–-77.0,0-103,0.85
814,1,1,-180.0–-77.0,0-103,0.87
815,1,1,-180.0–-76.0,0-104,0.89
816,1,1,-180.0–-77.0,0-103,0.93
817,1,1,-180.0–-77.0,0-103,0.96
818,1,1,-180.0–-77.0,0-103,0.97
819,1,1,-180.0–-77.0,0-103,0.97
820,1,1,-180.0–-77.0,0-103,0.97
821,1,1,-180.0–-77.0,0-103,0.97
822,1,1,-180.0–-77.0,0-103,0.97
823,1,1,-180.0–-77.0,0-103,1.00
824,1,1,-180.0–-77.0,0-103,1.00
825,1,1,-180.0–-76.0,0-104,0.99
826,1,1,-180.0–-77.0,0-103,1.00
827,1,1,-180.0–-77.0,0-103,1.00
828,1,1,-180.0–-77.0,0-103,1.00
829,1,1,-180.0–-76.0,0-104,0.99
830,1,1,-180.0–-77.0,0-103,1.00
831,1,1,-180.0–-77.0,0-103,1.00
832,1,1,-180.0–-77.0,0-103,1.00
833,1,1,-180.0–-76.0,0-104,0.99
834,1,1,-180.0–-76.0,0-104,0.99
835,1,1,-180.0–-77.0,0-103,1.00
836,1,1,-180.0–-76.0,0-104,0.99
837,1,1,-180.0–-77.0,0-103,1.00
838,1,1,-180.0–-77.0,0-103,1.00
839,1,1,-180.0–-77.0,0-103,1.00
840,1,1,-180.0–-77.0,0-103,1.00
841,1,1,-180.0–-77.0,0-103,1.00
842,1,1,-180.0–-77.0,0-103,1.00
843,1,1,-180.0–-77.0,0-103,1.00
844,1,1,-180.0–-77.0,0-103,1.00
845,1,1,-180.0–-77.0,0-103,1.00
846,1,1,-180.0–-77.0,0-103,1.00
847,1,1,-180.0–-77.0,0-103,1.00
848,1,1,-180.0–-77.0,0-103,1.00
849,1,1,-180.0–-77.0,0-103,1.00
850,1,1,-180.0–-77.0,0-103,1.00
851,1,1,-180.0–-77.0,0-103,1.00
852,1,1,-180.0–-77.0,0-103,1.00
853,1,1,-180.0–-77.0,0-103,1.00
854,1,1,-180.0–-77.0,0-103,1.00
855,1,1,-180.0–-77.0,0-103,1.00
856,1,1,-180.0–-77.0,0-103,1.00
857,1,1,-180.0–-77.0,0-103,1.00
858,1,1,-180.0–-77.0,0-103,1.00
859,1,1,-180.0–-77.0,0-103,1.00
860,1,1,-180.0–-77.0,0-103,1.00
861,1,1,-180.0–-77.0,0-103,1.00
862,1,1,-180.0–-77.0,0-103,1.00
863,1,1,-180.0–-77.0,0-103,1.00
864,1,1,-180.0–-77.0,0-103,1.00
865,1,1,-180.0–-77.0,0-103,1.00
866,1,1,-180.0–-77.0,0-103,1.00
867,1,1,-180.0–-77.0,0-103,1.00
868,1,1,-180.0–-77.0,0-103,1.00
869,1,1,-180.0–-77.0,0-103,1.00
870,1,1,-180.0–-77.0,0-103,1.00
871,1,1,-180.0–-77.0,0-103,1.00
872,1,1,-180.0–-77.0,0-103,1.00
873,1,1,-180.0–-77.0,0-103,1.00
874,1,1,-180.0–-77.0,0-103,1.00
875,1,1,-180.0–-76.0,0-104,0.99
876,1,1,-180.0–-76.0,0-104,0.99
877,1,1,-180.0–-77.0,0-103,1.00
878,1,1,-180.0–-76.0,0-104,0.99
879,1,1,-180.0–-76.0,0-104,0.99
880,1,1,-180.0–-77.0,0-103,1.00
881,1,1,-180.0–-76.0,0-104,0.99
882,1,1,-180.0–-76.0,0-104,0.99
883,1,1,-180.0–-76.0,0-104,0.99
884,1,1,-180.0–-76.0,0-104,0.99
885,1,1,-180.0–-76.0,0-104,0.99
886,1,1,-180.0–-76.0,0-104,0.99
887,1,1,-180.0–-76.0,0-104,0.99
888,1,1,-180.0–-76.0,0-104,0.99
889,1,1,-180.0–-76.0,0-104,0.99
890,1,1,-180.0–-76.0,0-104,0.99
891,1,1,-180.0–-76.0,0-104,0.99
892,1,1,-180.0–-76.0,0-104,1.00
893,1,1,-180.0–-76.0,0-104,1.00
894,1,1,-180.0–-76.0,0-104,1.00
895,1,1,-180.0–-76.0,0-104,1.00
896,1,1,-180.0–-76.0,0-104,1.00
897,1,1,-180.0–-76.0,0-104,1.00
898,1,1,-180.0–-76.0,0-104,1.00
899,1,1,-180.0–-76.0,0-104,1.00
900,1,1,-180.0–-76.0,0-104,1.00
901,1,1,-180.0–-76.0,0-104,1.00
902,1,1,-180.0–-75.0,0-105,0.99
903,1,1,-180.0–-74.0,0-106,0.98
904,1,1,-180.0–-74.0,0-106,0.98
905,0,0,,,
906,0,0,,,
907,0,0,,,
908,1,1,-180.0–-74.0,0-106,0.95
909,0,0,,,
910,1,1,-180.0–-74.0,0-106,0.92
911,1,1,-180.0–-74.0,0-106,0.92
912,1,1,-180.0–-74.0,0-106,0.92
913,1,1,-180.0–-74.0,0-106,0.92
914,1,1,-180.0–-74.0,0-106,0.92
915,1,1,-180.0–-74.0,0-106,0.92
916,1,1,-180.0–-74.0,0-106,0.92
917,1,1,-180.0–-75.0,0-105,0.91
918,1,1,-180.0–-74.0,0-106,0.92
919,1,1,-180.0–-75.0,0-105,0.91
920,1,1,-180.0–-75.0,0-105,0.91
921,1,1,-180.0–-75.0,0-105,0.91
922,1,1,-180.0–-75.0,0-105,0.91
923,1,1,-180.0–-75.0,0-105,0.91
924,1,1,-180.0–-75.0,0-105,0.91
925,1,1,-180.0–-75.0,0-105,0.91
926,1,1,-180.0–-75.0,0-105,0.91
927,1,1,-180.0–-75.0,0-105,0.91
928,1,1,-180.0–-75.0,0-105,0.91
929,1,1,-180.0–-75.0,0-105,0.91
930,1,1,-180.0–-75.0,0-105,0.91
931,1,1,-180.0–-75.0,0-105,0.91
932,1,1,-180.0–-75.0,0-105,0.91
933,1,1,-180.0–-74.0,0-106,0.93
934,1,1,-180.0–-75.0,0-105,0.91
935,1,1,-180.0–-74.0,0-106,0.93
936,1,1,-180.0–-74.0,0-106,0.96
937,1,1,-180.0–-74.0,0-106,0.96
938,1,1,-180.0–-74.0,0-106,0.96
939,1,1,-180.0–-74.0,0-106,0.96
940,1,1,-180.0–-74.0,0-106,1.00
941,1,1,-180.0–-74.0,0-106,1.00
942,1,1,-180.0–-74.0,0-106,1.00
943,1,1,-180.0–-74.0,0-106,1.00
944,1,1,-180.0–-74.0,0-106,1.00
945,1,1,-180.0–-74.0,0-106,1.00
946,1,1,-180.0–-74.0,0-106,1.00
947,1,1,-180.0–-74.0,0-106,1.00
948,1,1,-180.0–-74.0,0-106,1.00
949,1,1,-180.0–-74.0,0-106,1.00
950,1,1,-180.0–-74.0,0-106,1.00
951,1,1,-180.0–-74.0,0-106,1.00
952,1,1,-180.0–-74.0,0-106,1.00
953,1,1,-180.0–-74.0,0-106,1.00
954,1,1,-180.0–-74.0,0-106,1.00
955,1,1,-180.0–-74.0,0-106,1.00
956,1,1,-180.0–-75.0,0-105,0.99
957,1,1,-180.0–-74.0,0-106,1.00
958,1,1,-180.0–-74.0,0-106,1.00
959,1,1,-180.0–-74.0,0-106,1.00
960,1,1,-180.0–-73.0,0-107,0.99
961,0,0,,,
962,1,1,-180.0–-73.0,0-107,0.96
963,1,1,-180.0–-73.0,0-107,0.96
964,1,1,-180.0–-73.0,0-107,0.96
965,1,1,-180.0–-73.0,0-107,0.96
966,1,1,-180.0–-73.0,0-107,0.96
967,1,1,-180.0–-73.0,0-107,0.96
968,1,1,-180.0–-73.0,0-107,0.96
969,1,1,-180.0–-73.0,0-107,0.96
970,1,1,-180.0–-73.0,0-107,0.96
971,1,1,-180.0–-73.0,0-107,0.96
972,1,1,-180.0–-73.0,0-107,0.96
973,1,1,-180.0–-73.0,0-107,0.96
974,1,1,-180.0–-73.0,0-107,0.96
975,1,1,-180.0–-73.0,0-107,0.96
976,1,1,-180.0–-73.0,0-107,0.96
977,1,1,-180.0–-73.0,0-107,0.96
978,1,1,-180.0–-73.0,0-107,0.96
979,1,1,-180.0–-73.0,0-107,0.96
980,1,1,-180.0–-73.0,0-107,0.96
981,1,1,-180.0–-73.0,0-107,0.96
982,1,1,-180.0–-73.0,0-107,0.96
983,1,1,-180.0–-74.0,0-106,0.96
984,1,1,-180.0–-74.0,0-106,0.96
985,1,1,-180.0–-74.0,0-106,0.96
986,1,1,-180.0–-74.0,0-106,0.96
987,1,1,-180.0–-74.0,0-106,0.96
988,1,1,-180.0–-74.0,0-106,0.96
989,1,1,-180.0–-74.0,0-106,0.96
990,1,1,-180.0–-74.0,0-106,0.96
991,1,1,-180.0–-74.0,0-106,0.96
992,1,1,-180.0–-74.0,0-106,0.99
993,1,1,-180.0–-74.0,0-106,0.99
994,1,1,-180.0–-74.0,0-106,0.99
995,1,1,-180.0–-74.0,0-106,0.99
996,1,1,-180.0–-74.0,0-106,0.99
997,1,1,-180.0–-74.0,0-106,1.00
998,1,1,-180.0–-75.0,0-105,0.99
999,1,1,-180.0–-74.0,0-106,1.00
1000,1,1,-180.0–-74.0,0-106,1.00
1001,1,1,-180.0–-74.0,0-106,1.00
1002,1,1,-180.0–-74.0,0-106,1.00
1003,1,1,-180.0–-74.0,0-106,1.00
1004,1,1,-180.0–-74.0,0-106,1.00
1005,1,1,-180.0–-74.0,0-106,1.00
1006,1,1,-180.0–-74.0,0-106,1.00
1007,1,1,-180.0–-73.0,0-107,0.99
1008,1,1,-180.0–-74.0,0-106,1.00
1009,1,1,-180.0–-74.0,0-106,1.00
1010,1,1,-180.0–-74.0,0-106,1.00
1011,1,1,-180.0–-73.0,0-107,0.99
1012,1,1,-180.0–-73.0,0-107,0.99
1013,1,1,-180.0–-73.0,0-107,0.99
1014,1,1,-180.0–-72.0,0-108,0.98
1015,1,1,-180.0–-72.0,0-108,0.98
1016,1,1,-180.0–-72.0,0-108,0.98
1017,1,1,-180.0–-72.0,0-108,0.98
1018,1,1,-180.0–-71.0,0-109,0.96
1019,1,1,-180.0–-71.0,0-109,0.96
1020,1,1,-180.0–-71.0,0-109,0.96
1021,1,1,-180.0–-71.0,0-109,0.96
1022,1,1,-180.0–-72.0,0-108,0.99
1023,1,1,-180.0–-72.0,0-108,0.99
1024,1,1,-180.0–-73.0,0-107,0.99
1025,1,1,-180.0–-73.0,0-107,0.99
1026,1,1,-180.0–-73.0,0-107,0.99
1027,1,1,-180.0–-74.0,0-106,0.99
1028,1,1,-180.0–-74.0,0-106,0.99
1029,1,1,-180.0–-74.0,0-106,0.99
1030,1,1,-180.0–-75.0,0-105,0.92
1031,1,1,-180.0–-75.0,0-105,0.92
1032,1,1,-180.0–-75.0,0-105,0.92
1033,1,1,-180.0–-75.0,0-105,0.92
1034,1,1,-180.0–-75.0,0-105,0.92
1035,1,1,-180.0–-75.0,0-105,0.92
1036,1,1,-180.0–-75.0,0-105,0.92
1037,1,1,-180.0–-76.0,0-104,0.81
1038,1,1,-180.0–-76.0,0-104,0.82
1039,1,1,-180.0–-76.0,0-104,0.82
1040,1,1,-180.0–-76.0,0-104,0.82
1041,1,1,-180.0–-76.0,0-104,0.82
1042,1,1,-180.0–-75.0,0-105,0.92
1043,1,1,-180.0–-77.0,0-103,0.75
1044,1,1,-180.0–-72.0,0-108,0.88
1045,0,0,,,
1046,0,0,,,
1047,0,0,,,
1048,0,0,,,
1049,0,0,,,
1050,1,1,-180.0–-73.0,0-107,0.90
1051,1,1,-180.0–-74.0,0-106,0.91
1052,1,1,-180.0–-75.0,0-105,0.90
1053,1,1,-180.0–-76.0,0-104,0.86
1054,1,1,-180.0–-75.0,0-105,0.90
1055,1,1,-180.0–-76.0,0-104,0.88
1056,0,0,,,
1057,1,1,-180.0–-75.0,0-105,0.89
1058,1,1,-180.0–-76.0,0-104,0.87
1059,1,1,-180.0–-77.0,0-103,0.84
1060,1,1,-180.0–-77.0,0-103,0.84
1061,1,1,-180.0–-76.0,0-104,0.87
1062,1,1,-180.0–-76.0,0-104,0.87
1063,1,1,-180.0–-76.0,0-104,0.87
1064,1,1,-180.0–-76.0,0-104,0.87
1065,1,1,-180.0–-76.0,0-104,0.87
1066,1,1,-180.0–-74.0,0-106,0.91
1067,0,0,,,
1068,0,0,,,
1069,0,0,,,
1070,0,0,,,
1071,1,1,-180.0–-74.0,0-106,0.84
1072,1,1,-180.0–-75.0,0-105,0.81
1073,1,1,-180.0–-74.0,0-106,0.84
1074,1,1,-180.0–-76.0,0-104,0.79
1075,1,1,-180.0–-76.0,0-104,0.81
1076,1,1,-180.0–-76.0,0-104,0.83
1077,1,1,-180.0–-76.0,0-104,0.85
1078,1,1,-180.0–-76.0,0-104,0.87
1079,1,1,-180.0–-76.0,0-104,0.88
1080,1,1,-180.0–-76.0,0-104,0.90
1081,1,1,-180.0–-76.0,0-104,0.90
1082,1,1,-180.0–-76.0,0-104,0.90
1083,1,1,-180.0–-76.0,0-104,0.90
1084,1,1,-180.0–-76.0,0-104,0.90
1085,1,1,-180.0–-76.0,0-104,0.90
1086,1,1,-180.0–-76.0,0-104,0.90
1087,1,1,-180.0–-77.0,0-103,0.91
1088,1,1,-180.0–-77.0,0-103,0.91
1089,1,1,-180.0–-77.0,0-103,0.92
1090,1,1,-180.0–-76.0,0-104,0.92
1091,1,1,-180.0–-77.0,0-103,0.91
1092,1,1,-180.0–-77.0,0-103,0.92
1093,1,1,-180.0–-77.0,0-103,0.92
1094,1,1,-180.0–-76.0,0-104,0.92
1095,1,1,-180.0–-77.0,0-103,0.92
1096,1,1,-180.0–-77.0,0-103,0.92
1097,1,1,-180.0–-76.0,0-104,0.92
1098,1,1,-180.0–-76.0,0-104,0.94
1099,1,1,-180.0–-76.0,0-104,0.96
1100,1,1,-180.0–-76.0,0-104,0.98
1101,1,1,-180.0–-75.0,0-105,0.99
1102,1,1,-180.0–-75.0,0-105,0.99
1103,1,1,-180.0–-74.0,0-106,0.98
1104,1,1,-180.0–-74.0,0-106,0.98
1105,1,1,-180.0–-75.0,0-105,0.99
1106,1,1,-180.0–-75.0,0-105,0.99
1107,1,1,-180.0–-75.0,0-105,0.99
1108,1,1,-180.0–-75.0,0-105,0.99
1109,1,1,-180.0–-75.0,0-105,0.99
1110,1,1,-180.0–-73.0,0-107,0.84
1111,0,0,,,
1112,0,0,,,
1113,0,0,,,
1114,0,0,,,
1115,1,1,-180.0–-72.0,0-108,0.71
1116,0,0,,,
1117,0,0,,,
1118,0,0,,,
1119,0,0,,,
1120,0,0,,,
1121,0,0,,,
1122,0,0,,,
1123,0,0,,,
1124,0,0,,,
1125,0,0,,,
1126,0,0,,,
1127,0,0,,,
1128,0,0,,,
1129,0,0,,,
1130,0,0,,,
1131,0,0,,,
1132,0,0,,,
1133,0,0,,,
1134,0,0,,,
1135,0,0,,,
1136,0,0,,,
1137,0,0,,,
1138,0,0,,,
1139,0,0,,,
1140,0,0,,,
1141,0,0,,,
1142,0,0,,,
1143,0,0,,,
1144,0,0,,,
1145,0,0,,,
1146,0,0,,,
1147,0,0,,,
1148,0,0,,,
1149,0,0,,,
1150,0,0,,,
1151,0,0,,,
1152,0,0,,,
1153,1,1,-180.0–-60.0,0-120,0.71
1154,1,1,-180.0–-63.0,0-117,0.76
1155,0,0,,,
1156,0,0,,,
1157,0,0,,,
1158,0,0,,,
1159,0,0,,,
1160,0,0,,,
1161,0,0,,,
1162,0,0,,,
1163,0,0,,,
1164,0,0,,,
1165,0,0,,,
1166,0,0,,,
1167,0,0,,,
1168,0,0,,,
1169,0,0,,,
1170,1,1,-180.0–-76.0,0-104,0.71
1171,1,1,-180.0–-77.0,0-103,0.73
1172,1,1,-180.0–-77.0,0-103,0.75
1173,1,1,-180.0–-77.0,0-103,0.77
1174,1,1,-180.0–-77.0,0-103,0.79
1175,1,1,-180.0–-77.0,0-103,0.80
1176,1,1,-180.0–-77.0,0-103,0.82
1177,1,1,-180.0–-78.0,0-102,0.84
1178,1,1,-180.0–-78.0,0-102,0.86
1179,1,1,-180.0–-78.0,0-102,0.86
1180,1,1,-180.0–-78.0,0-102,0.86
1181,1,1,-180.0–-78.0,0-102,0.86
1182,1,1,-180.0–-78.0,0-102,0.88
1183,1,1,-180.0–-78.0,0-102,0.90
1184,1,1,-180.0–-79.0,0-101,0.89
1185,1,1,-180.0–-78.0,0-102,0.94
1186,1,1,-180.0–-79.0,0-101,0.93
1187,1,1,-180.0–-74.0,0-106,0.81
1188,1,1,-180.0–-74.0,0-106,0.81
1189,1,1,-180.0–-75.0,0-105,0.95
1190,1,1,-180.0–-76.0,0-104,0.99
1191,1,1,-180.0–-77.0,0-103,0.99
1192,1,1,-180.0–-77.0,0-103,0.99
1193,1,1,-180.0–-78.0,0-102,0.96
1194,1,1,-180.0–-78.0,0-102,0.96
1195,1,1,-180.0–-78.0,0-102,0.96
1196,1,1,-180.0–-79.0,0-101,0.93
1197,1,1,-180.0–-79.0,0-101,0.93
1198,1,1,-180.0–-79.0,0-101,0.94
1199,1,1,-180.0–-78.0,0-102,0.96
1200,1,1,-180.0–-76.0,0-104,0.98
1201,0,0,,,
1202,0,0,,,
1203,0,0,,,
1204,1,1,-180.0–-75.0,0-105,0.88
1205,1,1,-180.0–-77.0,0-103,0.94
1206,1,1,-180.0–-79.0,0-101,0.87
1207,1,1,-180.0–-79.0,0-101,0.87
1208,1,1,-180.0–-79.0,0-101,0.87
1209,1,1,-180.0–-79.0,0-101,0.87
1210,1,1,-180.0–-79.0,0-101,0.87
1211,1,1,-180.0–-77.0,0-103,0.93
1212,0,0,,,
1213,0,0,,,
1214,1,1,-180.0–-75.0,0-105,0.78
1215,1,1,-180.0–-79.0,0-101,0.82
1216,1,1,-180.0–-79.0,0-101,0.82
1217,1,1,-180.0–-78.0,0-102,0.87
1218,0,0,,,
1219,0,0,,,
1220,0,0,,,
1221,0,0,,,
1222,1,1,-180.0–-82.0,0-98,0.71
1223,1,1,-180.0–-82.0,0-98,0.72
1224,1,1,-180.0–-82.0,0-98,0.74
1225,1,1,-180.0–-82.0,0-98,0.76
1226,1,1,-180.0–-82.0,0-98,0.78
1227,1,2,-180.0–-82.0; 175.0–179.0,0-98; 355-359,0.78; 0.72
1228,1,2,-180.0–-81.0; 175.0–179.0,0-99; 355-359,0.81; 0.75
1229,1,2,-180.0–-82.0; 175.0–179.0,0-98; 355-359,0.78; 0.79
1230,1,1,175.0–179.0,355-359,0.79
1231,1,1,175.0–179.0,355-359,0.79
1232,1,2,-180.0–-84.0; 175.0–179.0,0-96; 355-359,0.71; 0.80
1233,1,1,-180.0–-85.0,0-95,0.70
1234,0,0,,,
1235,0,0,,,
1236,1,1,-180.0–-85.0,0-95,0.75
1237,1,2,-180.0–-85.0; 175.0–179.0,0-95; 355-359,0.77; 0.74
1238,1,1,-180.0–-85.0,0-95,0.79
1239,1,1,-180.0–-84.0,0-96,0.83
1240,1,2,-180.0–-84.0; 175.0–179.0,0-96; 355-359,0.85; 0.70
1241,1,2,-180.0–-83.0; 175.0–179.0,0-97; 355-359,0.87; 0.70
1242,1,2,-180.0–-83.0; 175.0–179.0,0-97; 355-359,0.88; 0.70
1243,1,1,-180.0–-81.0,0-99,0.85
1244,1,1,-180.0–-80.0,0-100,0.80
1245,1,1,-180.0–-81.0,0-99,0.88
1246,1,1,-180.0–-81.0,0-99,0.88
1247,1,1,-180.0–-82.0,0-98,0.94
1248,1,1,-180.0–-81.0,0-99,0.89
1249,1,1,-180.0–-80.0,0-100,0.81
1250,1,1,-180.0–-79.0,0-101,0.76
1251,1,1,-180.0–-80.0,0-100,0.81
1252,1,1,-180.0–-80.0,0-100,0.82
1253,1,1,-180.0–-79.0,0-101,0.76
1254,0,0,,,
1255,1,1,-180.0–-80.0,0-100,0.82
1256,1,1,-180.0–-81.0,0-99,0.88
1257,1,1,-180.0–-80.0,0-100,0.82
1258,1,1,-180.0–-81.0,0-99,0.88
1259,1,1,-180.0–-81.0,0-99,0.88
1260,1,1,-180.0–-80.0,0-100,0.82
1261,1,1,-180.0–-80.0,0-100,0.82
1262,1,1,-180.0–-80.0,0-100,0.84
1263,1,1,-180.0–-80.0,0-100,0.85
1264,0,0,,,
1265,1,1,-180.0–-78.0,0-102,0.83
1266,1,1,-180.0–-79.0,0-101,0.87
1267,1,1,-180.0–-80.0,0-100,0.92
1268,1,1,-180.0–-80.0,0-100,0.94
1269,1,1,-180.0–-80.0,0-100,0.96
1270,1,1,-180.0–-80.0,0-100,0.97
1271,1,1,-180.0–-80.0,0-100,0.99
1272,1,1,-180.0–-79.0,0-101,0.97
1273,1,1,-180.0–-80.0,0-100,0.99
1274,1,1,-180.0–-80.0,0-100,0.99
1275,1,1,-180.0–-79.0,0-101,0.99
1276,1,1,-180.0–-80.0,0-100,0.99
1277,1,1,-180.0–-80.0,0-100,0.99
1278,1,1,-180.0–-80.0,0-100,0.99
1279,1,1,-180.0–-81.0,0-99,0.97
1280,1,1,-180.0–-80.0,0-100,0.99
1281,1,1,-180.0–-81.0,0-99,0.97
1282,1,1,-180.0–-80.0,0-100,0.99
1283,1,1,-180.0–-80.0,0-100,0.99
1284,1,1,-180.0–-80.0,0-100,1.00
1285,1,1,-180.0–-80.0,0-100,1.00
1286,1,1,-180.0–-80.0,0-100,1.00
1287,1,1,-180.0–-80.0,0-100,1.00
1288,1,1,-180.0–-80.0,0-100,1.00
1289,1,1,-180.0–-80.0,0-100,1.00
1290,1,1,-180.0–-80.0,0-100,1.00
1291,1,1,-180.0–-80.0,0-100,1.00
1292,1,1,-180.0–-80.0,0-100,1.00
1293,1,1,-180.0–-80.0,0-100,1.00
1294,1,1,-180.0–-80.0,0-100,1.00
1295,1,1,-180.0–-80.0,0-100,1.00
1296,1,1,-180.0–-79.0,0-101,0.99
1297,1,1,-180.0–-79.0,0-101,0.99
1298,1,1,-180.0–-80.0,0-100,1.00
1299,1,1,-180.0–-80.0,0-100,1.00
1300,1,1,-180.0–-80.0,0-100,1.00
1301,1,1,-180.0–-80.0,0-100,1.00
1302,1,1,-180.0–-80.0,0-100,1.00
1303,1,1,-180.0–-80.0,0-100,1.00
1304,1,1,-180.0–-80.0,0-100,1.00
1305,1,1,-180.0–-80.0,0-100,1.00
1306,1,1,-180.0–-80.0,0-100,1.00
1307,1,1,-180.0–-80.0,0-100,1.00
1308,1,1,-180.0–-80.0,0-100,1.00
1309,1,1,-180.0–-79.0,0-101,0.99
1310,1,1,-180.0–-80.0,0-100,1.00
1311,1,1,-180.0–-80.0,0-100,1.00
1312,1,1,-180.0–-80.0,0-100,1.00
1313,1,1,-180.0–-79.0,0-101,0.99
1314,1,1,-180.0–-79.0,0-101,0.99
1315,1,1,-180.0–-79.0,0-101,0.99
1316,1,1,-180.0–-79.0,0-101,0.99
1317,1,1,-180.0–-79.0,0-101,0.99
1318,1,1,-180.0–-79.0,0-101,0.99
1319,1,1,-180.0–-79.0,0-101,0.99
1320,1,1,-180.0–-79.0,0-101,0.99
1321,1,1,-180.0–-79.0,0-101,0.99
1322,1,1,-180.0–-79.0,0-101,0.99
1323,1,1,-180.0–-79.0,0-101,0.99
1324,1,1,-180.0–-78.0,0-102,0.99
1325,1,1,-180.0–-79.0,0-101,0.99
1326,1,1,-180.0–-79.0,0-101,1.00
1327,1,1,-180.0–-79.0,0-101,1.00
1328,1,1,-180.0–-79.0,0-101,1.00
1329,1,1,-180.0–-79.0,0-101,1.00
1330,1,1,-180.0–-79.0,0-101,1.00
1331,1,1,-180.0–-79.0,0-101,1.00
1332,1,1,-180.0–-79.0,0-101,1.00
1333,1,1,-180.0–-79.0,0-101,1.00
1334,1,1,-180.0–-79.0,0-101,1.00
1335,1,1,-180.0–-79.0,0-101,1.00
1336,1,1,-180.0–-79.0,0-101,1.00
1337,1,1,-180.0–-79.0,0-101,1.00
1338,1,1,-180.0–-79.0,0-101,1.00
1339,1,1,-180.0–-79.0,0-101,1.00
1340,1,1,-180.0–-79.0,0-101,1.00
1341,1,1,-180.0–-79.0,0-101,1.00
1342,1,1,-180.0–-80.0,0-100,0.99
1343,1,1,-180.0–-79.0,0-101,1.00
1344,1,1,-180.0–-79.0,0-101,1.00
1345,1,1,-180.0–-79.0,0-101,1.00
1346,1,1,-180.0–-79.0,0-101,1.00
1347,1,1,-180.0–-79.0,0-101,1.00
1348,1,1,-180.0–-80.0,0-100,0.99
1349,1,1,-180.0–-79.0,0-101,1.00
1350,1,1,-180.0–-80.0,0-100,0.99
1351,1,1,-180.0–-79.0,0-101,1.00
1352,1,1,-180.0–-80.0,0-100,0.99
1353,1,1,-180.0–-79.0,0-101,1.00
1354,1,1,-180.0–-79.0,0-101,1.00
1355,1,1,-180.0–-80.0,0-100,0.99
1356,1,1,-180.0–-80.0,0-100,0.99
1357,1,1,-180.0–-80.0,0-100,0.99
1358,0,0,,,
1359,0,0,,,
1360,0,0,,,
1361,0,0,,,
1362,0,0,,,
1363,0,0,,,
1364,0,0,,,
1365,0,0,,,
1366,0,0,,,
1367,0,0,,,
1368,0,0,,,
1369,0,0,,,
1370,0,0,,,
1371,0,0,,,
1372,0,0,,,
1373,0,0,,,
1374,0,0,,,
1375,0,0,,,
1376,0,0,,,
1377,0,0,,,
1378,0,0,,,
1379,0,0,,,
1380,0,0,,,
1381,0,0,,,
1382,0,0,,,
1383,0,0,,,
1384,0,0,,,
1385,0,0,,,
1386,0,0,,,
1387,0,0,,,
1388,0,0,,,
1389,0,0,,,
1390,0,0,,,
1391,0,0,,,
1392,0,0,,,
1393,0,0,,,
1394,0,0,,,
1395,0,0,,,
1396,0,0,,,
1397,0,0,,,
1398,0,0,,,
1399,0,0,,,
1400,0,0,,,
1401,0,0,,,
1402,0,0,,,
1403,0,0,,,
1404,0,0,,,
1405,0,0,,,
1406,0,0,,,
1407,0,0,,,
1408,0,0,,,
1409,0,0,,,
1410,0,0,,,
1411,0,0,,,
1412,0,0,,,
1413,0,0,,,
1414,0,0,,,
1415,0,0,,,
1416,0,0,,,
1417,0,0,,,
1418,0,0,,,
1419,0,0,,,
1420,0,0,,,
1421,0,0,,,
1422,0,0,,,
1423,0,0,,,
1424,0,0,,,
1425,0,0,,,
1426,0,0,,,
1427,0,0,,,
1428,0,0,,,
1429,0,0,,,
1430,0,0,,,
1431,0,0,,,
1432,0,0,,,
1433,0,0,,,
1434,0,0,,,
1435,0,0,,,
1436,0,0,,,
1437,0,0,,,
1438,0,0,,,
1439,0,0,,,
1440,0,0,,,
1441,0,0,,,
1442,0,0,,,
1443,0,0,,,
1444,0,0,,,
1445,0,0,,,
1446,0,0,,,
1447,0,0,,,
1448,0,0,,,
1449,0,0,,,
1450,0,0,,,
1451,0,0,,,
1452,0,0,,,
1453,0,0,,,
1454,0,0,,,
1455,0,0,,,
1456,0,0,,,
1457,0,0,,,
1458,0,0,,,
1459,0,0,,,
1460,0,0,,,
1461,0,0,,,
1462,0,0,,,
1463,0,0,,,
1464,0,0,,,
1465,0,0,,,
1466,0,0,,,
1467,0,0,,,
1468,0,0,,,
1469,0,0,,,
1470,0,0,,,
1471,0,0,,,
1472,0,0,,,
1473,0,0,,,
1474,0,0,,,
1475,0,0,,,
1476,0,0,,,
1477,0,0,,,
1478,0,0,,,
1479,0,0,,,
1480,0,0,,,
1481,0,0,,,
1482,0,0,,,
1483,0,0,,,
1484,0,0,,,
1485,0,0,,,
1486,0,0,,,
1487,0,0,,,
1488,0,0,,,
1489,0,0,,,
1490,0,0,,,
1491,0,0,,,
1492,0,0,,,
1493,0,0,,,
1494,0,0,,,
1495,0,0,,,
1496,0,0,,,
1497,0,0,,,
1498,0,0,,,
1499,0,0,,,
1500,0,0,,,
1501,0,0,,,
1502,0,0,,,
1503,0,0,,,
1504,0,0,,,
1505,0,0,,,
1506,0,0,,,
1507,0,0,,,
1508,0,0,,,
1509,0,0,,,
1510,0,0,,,
1511,0,0,,,
1512,0,0,,,
1513,0,0,,,
1514,0,0,,,
1515,0,0,,,
1516,0,0,,,
1517,0,0,,,
1518,0,0,,,
1519,0,0,,,
1520,0,0,,,
1521,0,0,,,
1522,0,0,,,
1523,0,0,,,
1524,0,0,,,
1525,0,0,,,
1526,0,0,,,
1527,0,0,,,
1528,0,0,,,
1529,0,0,,,
1530,0,0,,,
1531,0,0,,,
1532,0,0,,,
1533,0,0,,,
1534,0,0,,,
1535,0,0,,,
1536,0,0,,,
1537,0,0,,,
1538,0,0,,,
1539,0,0,,,
1540,0,0,,,
1541,0,0,,,
1542,0,0,,,
1543,0,0,,,
1544,0,0,,,
1545,0,0,,,
1546,0,0,,,
1547,0,0,,,
1548,0,0,,,
1549,0,0,,,
1550,0,0,,,
1551,0,0,,,
1552,0,0,,,
1553,0,0,,,
1554,0,0,,,
1555,0,0,,,
1556,0,0,,,
1557,0,0,,,
1558,0,0,,,
1559,0,0,,,
1560,0,0,,,
1561,0,0,,,
1562,0,0,,,
1563,0,0,,,
1564,0,0,,,
1565,0,0,,,
1566,0,0,,,
1567,0,0,,,
1568,0,0,,,
1569,0,0,,,
1570,0,0,,,
1571,0,0,,,
1572,0,0,,,
1573,0,0,,,
1574,0,0,,,
1575,0,0,,,
1576,0,0,,,
1577,0,0,,,
1578,0,0,,,
1579,0,0,,,
1580,0,0,,,
1581,0,0,,,
1582,0,0,,,
1583,0,0,,,
1584,0,0,,,
1585,0,0,,,
1586,0,0,,,
1587,0,0,,,
1588,0,0,,,
1589,0,0,,,
1590,0,0,,,
1591,0,0,,,
1592,0,0,,,
1593,0,0,,,
1594,0,0,,,
1595,0,0,,,
1596,0,0,,,
1597,0,0,,,
1598,0,0,,,
1599,0,0,,,
1600,0,0,,,
1601,0,0,,,
1602,0,0,,,
1603,0,0,,,
1604,0,0,,,
1605,0,0,,,
1606,0,0,,,
1607,0,0,,,
1608,0,0,,,
1609,0,0,,,
1610,0,0,,,
1611,0,0,,,
1612,0,0,,,
1613,0,0,,,
1614,0,0,,,
1615,0,0,,,
1616,0,0,,,
1617,0,0,,,
1618,0,0,,,
1619,0,0,,,
1620,0,0,,,
1621,0,0,,,
1622,0,0,,,
1623,0,0,,,
1624,0,0,,,
1625,0,0,,,
1626,0,0,,,
1627,0,0,,,
1628,0,0,,,
1629,0,0,,,
1630,0,0,,,
1631,0,0,,,
1632,0,0,,,
1633,0,0,,,
1634,0,0,,,
1635,0,0,,,
1636,0,0,,,
1637,0,0,,,
1638,0,0,,,
1639,0,0,,,
1640,0,0,,,
1641,0,0,,,
1642,0,0,,,
1643,0,0,,,
1644,0,0,,,
1645,0,0,,,
1646,0,0,,,
1647,0,0,,,
1648,0,0,,,
1649,0,0,,,
1650,0,0,,,
1651,0,0,,,
1652,0,0,,,
1653,0,0,,,
1654,0,0,,,
1655,0,0,,,
1656,0,0,,,
1657,0,0,,,
1658,0,0,,,
1659,0,0,,,
1660,0,0,,,
1661,0,0,,,
1662,0,0,,,
1663,0,0,,,
1664,0,0,,,
1665,0,0,,,
1666,0,0,,,
1667,0,0,,,
1668,0,0,,,
1669,0,0,,,
1670,0,0,,,
1671,0,0,,,
1672,0,0,,,
1673,0,0,,,
1674,0,0,,,
1675,0,0,,,
1676,0,0,,,
1677,0,0,,,
1678,0,0,,,
1679,0,0,,,
1680,0,0,,,
1681,0,0,,,
1682,0,0,,,
1683,0,0,,,
1684,0,0,,,
1685,0,0,,,
1686,0,0,,,
1687,0,0,,,
1688,0,0,,,
1689,0,0,,,
1690,0,0,,,
1691,0,0,,,
1692,0,0,,,
1693,0,0,,,
1694,0,0,,,
1695,0,0,,,
1696,0,0,,,
1697,0,0,,,
1698,0,0,,,
1699,0,0,,,
1700,0,0,,,
1701,0,0,,,
1702,0,0,,,
1703,0,0,,,
1704,0,0,,,
1705,0,0,,,
1706,0,0,,,
1707,0,0,,,
1708,0,0,,,
1709,0,0,,,
1710,0,0,,,
1711,0,0,,,
1712,0,0,,,
1713,0,0,,,
1714,0,0,,,
1715,0,0,,,
1716,0,0,,,
1717,0,0,,,
1718,0,0,,,
1719,0,0,,,
1720,0,0,,,
1721,0,0,,,
1722,0,0,,,
1723,0,0,,,
1724,0,0,,,
1725,0,0,,,
1726,0,0,,,
1727,0,0,,,
1728,0,0,,,
1729,0,0,,,
1730,0,0,,,
1731,0,0,,,
1732,0,0,,,
1733,0,0,,,
1734,0,0,,,
1735,0,0,,,
1736,0,0,,,
1737,0,0,,,
1738,0,0,,,
1739,0,0,,,
1740,0,0,,,
1741,0,0,,,
1742,0,0,,,
1743,0,0,,,
1744,0,0,,,
1745,0,0,,,
1746,0,0,,,
1747,0,0,,,
1748,0,0,,,
1749,0,0,,,
1750,0,0,,,
1751,0,0,,,
1752,0,0,,,
1753,0,0,,,
1754,0,0,,,
1755,0,0,,,
1756,0,0,,,
1757,0,0,,,
1758,0,0,,,
1759,0,0,,,
1760,0,0,,,
1761,0,0,,,
1762,0,0,,,
1763,0,0,,,
1764,0,0,,,
1765,0,0,,,
1766,0,0,,,
1767,0,0,,,
1768,0,0,,,
1769,0,0,,,
1770,0,0,,,
1771,0,0,,,
1772,0,0,,,
1773,0,0,,,
1774,0,0,,,
1775,0,0,,,
1776,0,0,,,
1777,0,0,,,
1778,0,0,,,
1779,0,0,,,
1780,0,0,,,
1781,0,0,,,
1782,0,0,,,
1783,0,0,,,
1784,0,0,,,
1785,0,0,,,
1786,0,0,,,
1787,0,0,,,
1788,0,0,,,
1789,0,0,,,
1790,0,0,,,
1791,0,0,,,
1792,0,0,,,
1793,0,0,,,
1794,0,0,,,
1795,0,0,,,
1796,0,0,,,
1797,0,0,,,
1798,0,0,,,
1799,0,0,,,
1800,0,0,,,
1801,0,0,,,
1802,0,0,,,
1803,0,0,,,
1804,0,0,,,
1805,0,0,,,
1806,0,0,,,
1807,0,0,,,
1808,0,0,,,
1809,0,0,,,
1810,0,0,,,
1811,0,0,,,
1812,0,0,,,
1813,0,0,,,
1814,0,0,,,
1815,0,0,,,
1816,0,0,,,
1817,0,0,,,
1818,0,0,,,
1819,0,0,,,
1820,0,0,,,
1821,0,0,,,
1822,0,0,,,
1823,0,0,,,
1824,0,0,,,
1825,0,0,,,
1826,0,0,,,
1827,0,0,,,
1828,0,0,,,
1829,0,0,,,
1830,0,0,,,
1831,0,0,,,
1832,0,0,,,
1833,0,0,,,
1834,0,0,,,
1835,0,0,,,
1836,0,0,,,
1837,0,0,,,
1838,0,0,,,
1839,0,0,,,
1840,0,0,,,
1841,0,0,,,
1842,0,0,,,
1843,0,0,,,
1844,0,0,,,
1845,0,0,,,
1846,0,0,,,
1847,0,0,,,
1848,0,0,,,
1849,0,0,,,
1850,0,0,,,
1851,0,0,,,
1852,0,0,,,
1853,0,0,,,
1854,0,0,,,
1855,0,0,,,
1856,0,0,,,
1857,0,0,,,
1858,0,0,,,
1859,0,0,,,
1860,0,0,,,
1861,0,0,,,
1862,0,0,,,
1863,0,0,,,
1864,0,0,,,
1865,0,0,,,
1866,0,0,,,
1867,0,0,,,
1868,0,0,,,
1869,0,0,,,
1870,0,0,,,
1871,0,0,,,
1872,0,0,,,
1873,0,0,,,
1874,0,0,,,
1875,0,0,,,
1876,0,0,,,
1877,0,0,,,
1878,0,0,,,
1879,0,0,,,
1880,0,0,,,
1881,0,0,,,
1882,0,0,,,
1883,0,0,,,
1884,0,0,,,
1885,0,0,,,
1886,0,0,,,
1887,0,0,,,
1888,0,0,,,
1889,0,0,,,
1890,0,0,,,
1891,0,0,,,
1892,0,0,,,
1893,0,0,,,
1894,0,0,,,
1895,0,0,,,
1896,0,0,,,
1897,0,0,,,
1898,0,0,,,
1899,0,0,,,
1900,0,0,,,
1901,0,0,,,
1902,0,0,,,
1903,0,0,,,
1904,0,0,,,
1905,0,0,,,
1906,0,0,,,
1907,0,0,,,
1908,0,0,,,
1909,0,0,,,
1910,0,0,,,
1911,0,0,,,
1912,0,0,,,
1913,0,0,,,
1914,0,0,,,
1915,0,0,,,
1916,0,0,,,
1917,0,0,,,
1918,0,0,,,
1919,0,0,,,
1920,0,0,,,
1921,0,0,,,
1922,0,0,,,
1923,0,0,,,
1924,0,0,,,
1925,0,0,,,
1926,0,0,,,
1927,0,0,,,
1928,0,0,,,
1929,0,0,,,
1930,0,0,,,
1931,0,0,,,
1932,0,0,,,
1933,0,0,,,
